2026-06-23 17:22:40, 29, 51
2026-06-23 17:22:43, 29, 51
2026-06-23 17:22:47, 29, 51
2026-06-23 17:22:50, 29, 51
2026-06-23 17:22:53, 29, 51
2026-06-23 17:22:56, 29, 51
2026-06-23 17:23:00, 29, 51
2026-06-23 17:23:03, 29, 51
2026-06-23 17:23:06, 29, 51
2026-06-23 17:23:10, 29, 51
2026-06-23 17:23:13, 29, 51
2026-06-23 17:23:16, 29, 51
2026-06-23 17:23:19, 29, 51
2026-06-23 17:23:23, 29, 51
2026-06-23 17:23:26, 29, 51
2026-06-23 17:23:29, 29, 51
2026-06-23 17:23:32, 29, 51
2026-06-23 17:23:36, 29, 51
2026-06-23 17:23:39, 29, 51
2026-06-23 17:23:42, 29, 51
2026-06-23 17:23:46, 29, 51
2026-06-23 17:23:49, 29, 51
2026-06-23 17:23:52, 29, 51
2026-06-23 17:23:55, 29, 51
2026-06-23 17:23:59, 29, 51
2026-06-23 17:24:02, 29, 51
2026-06-23 17:24:05, 29, 51
2026-06-23 17:24:09, 29, 51
2026-06-23 17:24:12, 29, 51
2026-06-23 17:24:15, 29, 51
2026-06-23 17:24:18, 29, 51
2026-06-23 17:24:22, 29, 51
2026-06-23 17:24:25, 29, 51
2026-06-23 17:24:28, 29, 51
2026-06-23 17:24:31, 29, 51
2026-06-23 17:24:35, 29, 51
2026-06-23 17:24:38, 29, 51
2026-06-23 17:24:41, 29, 51
2026-06-23 17:24:45, 29, 51
2026-06-23 17:24:48, 29, 51
2026-06-23 17:24:51, 29, 51
2026-06-23 17:24:54, 29, 51
2026-06-23 17:24:58, 29, 51
2026-06-23 17:25:01, 29, 51
2026-06-23 17:25:04, 29, 51
2026-06-23 17:25:08, 29, 51
2026-06-23 17:25:11, 29, 51
2026-06-23 17:25:14, 29, 51
2026-06-23 17:25:17, 29, 51
2026-06-23 17:25:21, 29, 51
2026-06-23 17:25:24, 29, 51
2026-06-23 17:25:27, 29, 51
2026-06-23 17:25:31, 29, 51
2026-06-23 17:25:34, 29, 51
2026-06-23 17:25:37, 29, 51
2026-06-23 17:25:40, 29, 51
2026-06-23 17:25:44, 29, 51
2026-06-23 17:25:47, 29, 51
2026-06-23 17:25:50, 29, 51
2026-06-23 17:25:53, 29, 51
2026-06-23 17:25:57, 29, 51
2026-06-23 17:26:00, 29, 51
2026-06-23 17:26:03, 29, 51
2026-06-23 17:26:07, 29, 51
2026-06-23 17:26:10, 29, 51
2026-06-23 17:26:13, 29, 51
2026-06-23 17:26:16, 29, 51
2026-06-23 17:26:20, 29, 51
2026-06-23 17:26:23, 29, 51
2026-06-23 17:26:26, 29, 51
2026-06-23 17:26:30, 29, 51
2026-06-23 17:26:33, 29, 51
2026-06-23 17:26:36, 29, 51
2026-06-23 17:26:39, 29, 51
2026-06-23 17:26:43, 29, 51
2026-06-23 17:26:46, 29, 51
2026-06-23 17:26:49, 29, 51
2026-06-23 17:26:52, 29, 51
2026-06-23 17:26:56, 29, 51
2026-06-23 17:26:59, 29, 51
2026-06-23 17:27:02, 29, 51
2026-06-23 17:27:06, 29, 51
2026-06-23 17:27:09, 29, 51
2026-06-23 17:27:12, 29, 51
2026-06-23 17:27:15, 29, 51
2026-06-23 17:28:26, 29, 51
2026-06-23 17:28:29, 29, 51
2026-06-23 17:28:33, 29, 51
2026-06-23 17:28:36, 29, 51
2026-06-23 17:28:39, 29, 51
2026-06-23 17:28:43, 29, 51
2026-06-23 17:28:46, 29, 51
2026-06-23 17:28:49, 29, 51
2026-06-23 17:28:52, 29, 51
2026-06-23 17:28:56, 29, 51
2026-06-23 17:28:59, 29, 51
2026-06-23 17:29:02, 29, 51
2026-06-23 17:29:06, 29, 51
2026-06-23 17:29:09, 29, 51
2026-06-23 17:29:12, 29, 51
2026-06-23 17:29:15, 29, 51
2026-06-23 17:29:19, 29, 51
2026-06-23 17:29:22, 29, 51
2026-06-23 17:29:25, 29, 51
2026-06-23 17:29:28, 29, 51
2026-06-23 17:29:32, 29, 51
2026-06-23 17:29:35, 29, 51
2026-06-23 17:29:38, 29, 51
2026-06-23 17:29:42, 29, 51
2026-06-23 17:29:45, 29, 51
2026-06-23 17:29:58, 29, 51
2026-06-23 17:30:01, 29, 51
2026-06-23 17:30:04, 29, 51
2026-06-23 17:30:07, 29, 51
2026-06-23 17:30:11, 29, 51
2026-06-23 17:30:14, 29, 51
2026-06-23 17:30:17, 29, 51
2026-06-23 17:30:20, 29, 51
2026-06-23 17:30:24, 29, 51
2026-06-23 17:30:27, 29, 51
2026-06-23 17:30:30, 29, 51
2026-06-23 17:30:34, 29, 51
2026-06-23 17:30:37, 29, 51
2026-06-23 17:30:40, 29, 51
2026-06-23 17:30:43, 29, 51
2026-06-23 17:30:47, 29, 51
2026-06-23 17:30:50, 29, 51
2026-06-23 17:30:53, 29, 50
2026-06-23 17:30:57, 29, 50
2026-06-23 17:31:00, 29, 50
2026-06-23 17:31:03, 29, 50
2026-06-23 17:31:06, 29, 50
2026-06-23 17:31:10, 29, 50
2026-06-23 17:31:13, 29, 50
2026-06-23 17:31:16, 29, 50
2026-06-23 17:31:20, 29, 50
2026-06-23 17:31:23, 29, 50
2026-06-23 17:31:26, 29, 50
2026-06-23 17:31:29, 29, 50
2026-06-23 17:31:33, 29, 50
2026-06-23 17:31:36, 29, 50
2026-06-23 17:31:39, 29, 50
2026-06-23 17:31:42, 29, 50
2026-06-23 17:31:46, 29, 50
2026-06-23 17:31:49, 29, 50
2026-06-23 17:31:52, 29, 50
2026-06-23 17:31:56, 29, 50
2026-06-23 17:31:59, 29, 50
2026-06-23 17:32:02, 29, 50
2026-06-23 17:32:05, 29, 50
2026-06-23 17:32:09, 29, 50
2026-06-23 17:32:59, 29, 51
2026-06-23 17:33:02, 29, 51
2026-06-23 17:33:06, 29, 51
2026-06-23 17:33:09, 29, 51
2026-06-23 17:33:12, 29, 51
2026-06-23 17:33:22, 29, 51
2026-06-23 17:33:25, 29, 50
2026-06-23 17:33:29, 29, 50
2026-06-23 17:33:32, 29, 50
2026-06-23 17:33:35, 29, 50
2026-06-23 17:33:38, 29, 51
2026-06-23 17:33:42, 29, 51
2026-06-23 17:33:45, 29, 51
2026-06-23 17:33:48, 29, 51
2026-06-23 17:33:52, 29, 51
2026-06-23 17:33:55, 29, 51
2026-06-23 17:33:58, 29, 51
2026-06-23 17:34:01, 29, 51
2026-06-23 17:34:05, 29, 51
2026-06-23 17:34:08, 29, 51
2026-06-23 17:34:11, 29, 50
2026-06-23 17:34:15, 29, 50
2026-06-23 17:34:18, 29, 50
2026-06-23 17:34:21, 29, 50
2026-06-23 17:34:24, 29, 50
2026-06-23 17:34:28, 29, 50
2026-06-23 17:34:31, 29, 50
2026-06-23 17:34:34, 29, 50
2026-06-23 17:34:38, 29, 50
2026-06-23 17:34:41, 29, 50
2026-06-23 17:34:44, 29, 50
2026-06-23 17:34:47, 29, 50
2026-06-23 17:34:51, 29, 50
2026-06-23 17:34:54, 29, 50
2026-06-23 17:34:57, 29, 50
2026-06-23 17:35:00, 29, 50
2026-06-23 17:35:04, 29, 50
2026-06-23 17:35:07, 29, 50
2026-06-23 17:35:10, 29, 50
2026-06-23 17:35:14, 29, 50
2026-06-23 17:35:17, 29, 50
2026-06-23 17:35:20, 29, 50
2026-06-23 17:35:23, 29, 50
2026-06-23 17:35:27, 29, 50
2026-06-23 17:35:30, 29, 50
2026-06-23 17:35:33, 29, 50
2026-06-23 17:35:37, 29, 50
2026-06-23 17:35:40, 29, 50
2026-06-23 17:35:43, 29, 50
2026-06-23 17:35:46, 29, 50
2026-06-23 17:35:50, 29, 50
2026-06-23 17:35:53, 29, 50
2026-06-23 17:35:56, 29, 50
2026-06-23 17:35:59, 29, 50
2026-06-23 17:36:03, 29, 50
2026-06-23 17:36:06, 29, 50
2026-06-23 17:36:09, 29, 50
2026-06-23 17:36:13, 29, 50
2026-06-23 17:36:16, 29, 50
2026-06-23 17:36:19, 29, 50
2026-06-23 17:36:22, 29, 50
2026-06-23 17:36:26, 29, 50
2026-06-23 17:36:29, 29, 50
2026-06-23 17:36:32, 29, 50
2026-06-23 17:36:36, 29, 50
2026-06-23 17:36:39, 29, 50
2026-06-23 17:36:42, 29, 50
2026-06-23 17:36:45, 29, 50
2026-06-23 17:36:49, 29, 50
2026-06-23 17:36:52, 29, 50
2026-06-23 17:36:55, 29, 50
2026-06-23 17:36:59, 29, 50
2026-06-23 17:37:02, 29, 50
2026-06-23 17:37:05, 29, 50
2026-06-23 17:37:08, 29, 50
2026-06-23 17:37:12, 29, 50
2026-06-23 17:37:15, 29, 50
2026-06-23 17:37:18, 29, 50
2026-06-23 17:37:21, 29, 50
2026-06-23 17:37:25, 29, 50
2026-06-23 17:37:28, 29, 50
2026-06-23 17:37:31, 29, 50
2026-06-23 17:37:35, 29, 50
2026-06-23 17:37:38, 29, 50
2026-06-23 17:37:41, 29, 50
2026-06-23 17:37:44, 29, 50
2026-06-23 17:37:48, 29, 51
2026-06-23 17:37:51, 29, 50
2026-06-23 17:37:54, 29, 50
2026-06-23 17:37:58, 29, 50
2026-06-23 17:38:01, 29, 50
2026-06-23 17:38:04, 29, 50
2026-06-23 17:38:07, 29, 50
2026-06-23 17:38:11, 29, 50
2026-06-23 17:38:14, 29, 50
2026-06-23 17:38:17, 29, 50
2026-06-23 17:38:20, 29, 50
2026-06-23 17:38:24, 29, 50
2026-06-23 17:38:27, 29, 50
2026-06-23 17:38:30, 29, 50
2026-06-23 17:38:34, 29, 50
2026-06-23 17:38:37, 29, 50
2026-06-23 17:38:40, 29, 50
2026-06-23 17:38:43, 29, 50
2026-06-23 17:38:47, 29, 50
2026-06-23 17:38:50, 29, 50
2026-06-23 17:38:53, 29, 50
2026-06-23 17:38:57, 29, 50
2026-06-23 17:39:00, 29, 50
2026-06-23 17:39:03, 29, 50
2026-06-23 17:39:06, 29, 50
2026-06-23 17:39:10, 29, 50
2026-06-23 17:39:13, 29, 50
2026-06-23 17:39:16, 29, 50
2026-06-23 17:39:19, 29, 50
2026-06-23 17:39:23, 29, 50
2026-06-23 17:39:26, 29, 50
2026-06-23 17:39:29, 29, 50
2026-06-23 17:39:33, 29, 50
2026-06-23 17:39:36, 29, 50
2026-06-23 17:39:39, 29, 50
2026-06-23 17:39:42, 29, 50
2026-06-23 17:39:46, 29, 50
2026-06-23 17:39:49, 29, 50
2026-06-23 17:39:52, 29, 50
2026-06-23 17:39:56, 29, 50
2026-06-23 17:39:59, 29, 50
2026-06-23 17:40:02, 29, 50
2026-06-23 17:40:05, 29, 50
2026-06-23 17:41:08, 29, 50
2026-06-23 17:41:10, 29, 50
2026-06-23 17:41:14, 29, 50
2026-06-23 17:41:17, 29, 50
2026-06-23 17:41:20, 29, 50
2026-06-23 17:41:23, 29, 50
2026-06-23 17:41:27, 29, 50
2026-06-23 17:41:30, 29, 50
2026-06-23 17:41:33, 29, 50
2026-06-23 17:41:37, 29, 50
2026-06-23 17:41:40, 29, 50
2026-06-23 17:41:43, 29, 50
2026-06-23 17:41:46, 29, 50
2026-06-23 17:41:50, 29, 50
2026-06-23 17:41:53, 29, 50
2026-06-23 17:41:56, 29, 50
2026-06-23 17:41:59, 29, 50
2026-06-23 17:42:03, 29, 50
2026-06-23 17:42:06, 29, 50
2026-06-23 17:42:09, 29, 50
2026-06-23 17:42:13, 29, 50
2026-06-23 17:42:16, 29, 50
2026-06-23 17:42:19, 29, 50
2026-06-23 17:42:22, 29, 50
2026-06-23 17:42:26, 29, 50
2026-06-23 17:42:29, 29, 50
2026-06-23 17:42:32, 29, 50
2026-06-23 17:42:36, 29, 50
2026-06-23 17:42:39, 29, 50
2026-06-23 17:42:42, 29, 50
2026-06-23 17:42:45, 29, 50
2026-06-23 17:42:49, 29, 50
2026-06-23 17:42:52, 29, 50
2026-06-23 17:42:55, 29, 50
2026-06-23 17:42:59, 29, 50
2026-06-23 17:43:02, 29, 50
2026-06-23 17:43:05, 29, 50
2026-06-23 17:43:08, 29, 50
2026-06-23 17:43:12, 29, 50
2026-06-23 17:43:15, 29, 50
2026-06-23 17:43:18, 29, 50
2026-06-23 17:43:22, 29, 50
2026-06-23 17:43:25, 29, 50
2026-06-23 17:43:28, 29, 50
2026-06-23 17:43:31, 29, 50
2026-06-23 17:43:35, 29, 50
2026-06-23 17:43:38, 29, 50
2026-06-23 17:43:41, 29, 50
2026-06-23 17:43:55, 29, 50
2026-06-23 17:43:58, 29, 50
2026-06-23 17:44:01, 29, 50
2026-06-23 17:44:04, 29, 50
2026-06-23 17:44:08, 29, 50
2026-06-23 17:44:11, 29, 50
2026-06-23 17:44:14, 29, 50
2026-06-23 17:44:18, 29, 50
2026-06-23 17:44:21, 29, 50
2026-06-23 17:44:24, 29, 50
2026-06-23 17:44:27, 29, 50
2026-06-23 17:44:31, 29, 50
2026-06-23 17:44:34, 29, 50
2026-06-23 17:44:37, 29, 50
2026-06-23 17:44:41, 29, 50
2026-06-23 17:44:44, 29, 50
2026-06-23 17:44:47, 29, 50
2026-06-23 17:44:50, 29, 50
2026-06-23 17:44:54, 29, 50
2026-06-23 17:44:57, 29, 50
2026-06-23 17:45:00, 29, 50
2026-06-23 17:45:04, 29, 50
2026-06-23 17:45:07, 29, 50
2026-06-23 17:45:10, 29, 50
2026-06-23 17:45:13, 29, 50
2026-06-23 17:45:17, 29, 50
2026-06-23 17:45:20, 29, 50
2026-06-23 17:45:23, 29, 50
2026-06-23 17:45:27, 29, 50
2026-06-23 17:45:30, 29, 50
2026-06-24 16:15:53, 27, 52
2026-06-24 16:15:57, 27, 52
2026-06-24 16:16:00, 27, 52
2026-06-24 16:16:03, 27, 52
2026-06-24 16:16:07, 27, 52
2026-06-24 16:16:10, 27, 52
2026-06-24 16:16:13, 27, 52
2026-06-24 16:16:16, 27, 52
2026-06-24 16:16:20, 27, 52
2026-06-24 16:16:23, 27, 52
2026-06-24 16:16:26, 27, 52
2026-06-24 16:16:30, 27, 52
2026-06-24 16:16:33, 27, 52
2026-06-24 16:16:36, 27, 52
2026-06-24 16:16:39, 27, 52
2026-06-24 16:16:43, 27, 52
2026-06-24 16:16:46, 27, 52
2026-06-24 16:16:49, 27, 52
2026-06-24 16:16:52, 27, 52
2026-06-24 16:16:56, 27, 52
2026-06-24 16:16:59, 27, 52
2026-06-24 16:17:02, 27, 52
2026-06-24 16:17:06, 27, 52
2026-06-24 16:17:09, 27, 52
2026-06-24 16:17:12, 27, 52
2026-06-24 16:17:15, 27, 52
2026-06-24 16:17:19, 27, 52
2026-06-24 16:17:22, 27, 52
2026-06-24 16:17:25, 27, 52
2026-06-24 16:17:29, 27, 52
2026-06-24 16:17:32, 27, 52
2026-06-24 16:17:35, 27, 52
2026-06-24 16:17:38, 27, 52
2026-06-24 16:17:42, 27, 52
2026-06-24 16:17:45, 27, 52
2026-06-24 16:17:48, 27, 52
2026-06-24 16:17:52, 27, 52
2026-06-24 16:17:55, 27, 52
2026-06-24 16:17:58, 27, 52
2026-06-24 16:18:01, 27, 52
2026-06-24 16:18:05, 27, 52
2026-06-24 16:18:08, 27, 52
2026-06-24 16:18:11, 27, 52
2026-06-24 16:18:15, 27, 52
2026-06-24 16:18:18, 27, 52
2026-06-24 16:18:21, 27, 52
2026-06-24 16:18:24, 27, 52
2026-06-24 16:18:28, 27, 52
2026-06-24 16:18:31, 27, 52
2026-06-24 16:18:34, 27, 52
2026-06-24 16:18:38, 27, 52
2026-06-24 16:18:41, 27, 52
2026-06-24 16:18:44, 27, 52
2026-06-24 16:18:47, 27, 52
2026-06-24 16:18:51, 27, 52
2026-06-24 16:18:54, 27, 52
2026-06-24 16:18:57, 27, 52
2026-06-24 16:19:01, 27, 52
2026-06-24 16:19:04, 27, 52